Workbook

Sheet Hoja 1
A2: Burn Down Chart - Maply Services
A4: Fecha | B4: Esperado | C4: Real
A5: 46115 | B5: =ROUND('Datos Jira'!$D$2*(1-(A5-$A$5)/($A$37-$A$5)),0) -> 347 | C5: ='Datos Jira'!$D$2-COUNTIF('Datos Jira'!$B$2:$B$303,"<="&A5) -> 347
A6: 46122 | B6: =ROUND('Datos Jira'!$D$2*(1-(A6-$A$5)/($A$37-$A$5)),0) -> 335 | C6: ='Datos Jira'!$D$2-COUNTIF('Datos Jira'!$B$2:$B$303,"<="&A6) -> 347
A7: 46129 | B7: =ROUND('Datos Jira'!$D$2*(1-(A7-$A$5)/($A$37-$A$5)),0) -> 324 | C7: ='Datos Jira'!$D$2-COUNTIF('Datos Jira'!$B$2:$B$303,"<="&A7) -> 336
A8: 46136 | B8: =ROUND('Datos Jira'!$D$2*(1-(A8-$A$5)/($A$37-$A$5)),0) -> 312 | C8: ='Datos Jira'!$D$2-COUNTIF('Datos Jira'!$B$2:$B$303,"<="&A8) -> 287
A9: 46143 | B9: =ROUND('Datos Jira'!$D$2*(1-(A9-$A$5)/($A$37-$A$5)),0) -> 301 | C9: ='Datos Jira'!$D$2-COUNTIF('Datos Jira'!$B$2:$B$303,"<="&A9) -> 286
A10: 46150 | B10: =ROUND('Datos Jira'!$D$2*(1-(A10-$A$5)/($A$37-$A$5)),0) -> 289 | C10: ='Datos Jira'!$D$2-COUNTIF('Datos Jira'!$B$2:$B$303,"<="&A10) -> 286
A11: 46157 | B11: =ROUND('Datos Jira'!$D$2*(1-(A11-$A$5)/($A$37-$A$5)),0) -> 278 | C11: ='Datos Jira'!$D$2-COUNTIF('Datos Jira'!$B$2:$B$303,"<="&A11) -> 283
A12: 46164 | B12: =ROUND('Datos Jira'!$D$2*(1-(A12-$A$5)/($A$37-$A$5)),0) -> 266 | C12: ='Datos Jira'!$D$2-COUNTIF('Datos Jira'!$B$2:$B$303,"<="&A12) -> 283
A13: 46171 | B13: =ROUND('Datos Jira'!$D$2*(1-(A13-$A$5)/($A$37-$A$5)),0) -> 255 | C13: ='Datos Jira'!$D$2-COUNTIF('Datos Jira'!$B$2:$B$303,"<="&A13) -> 283
A14: 46178 | B14: =ROUND('Datos Jira'!$D$2*(1-(A14-$A$5)/($A$37-$A$5)),0) -> 243 | C14: ='Datos Jira'!$D$2-COUNTIF('Datos Jira'!$B$2:$B$303,"<="&A14) -> 281
A15: 46185 | B15: =ROUND('Datos Jira'!$D$2*(1-(A15-$A$5)/($A$37-$A$5)),0) -> 232 | C15: ='Datos Jira'!$D$2-COUNTIF('Datos Jira'!$B$2:$B$303,"<="&A15) -> 272
A16: 46192 | B16: =ROUND('Datos Jira'!$D$2*(1-(A16-$A$5)/($A$37-$A$5)),0) -> 220 | C16: ='Datos Jira'!$D$2-COUNTIF('Datos Jira'!$B$2:$B$303,"<="&A16) -> 255
... A35: 46322 | B35: =ROUND('Datos Jira'!$D$2*(1-(A35-$A$5)/($A$37-$A$5)),0) -> 7 | C35: ='Datos Jira'!$D$2-COUNTIF('Datos Jira'!$B$2:$B$303,"<="&A35) -> 45
A36: 46325 | B36: =ROUND('Datos Jira'!$D$2*(1-(A36-$A$5)/($A$37-$A$5)),0) -> 2
A37: 46326 | B37: =ROUND('Datos Jira'!$D$2*(1-(A37-$A$5)/($A$37-$A$5)),0) -> 0
A39: Esperado: baja lineal de 347 a 0 entre el 03/04 y la entrega del 31/10. Real: tareas sin cerrar a cada fecha según Jira (hoja "Datos Jira").

Sheet Datos Jira
A1: Tarea | B1: Fecha de cierre | D1: Total del backlog (tareas + subtareas, sin épicas)
A2: SCRUM-5 | B2: 46128 | D2: 347
A3: SCRUM-6 | B3: 46128 | D3: Fuente: Jira, proyecto SCRUM, exportado el 27/10/2026
A4: SCRUM-7 | B4: 46135
A5: SCRUM-8 | B5: 46135
A6: SCRUM-9 | B6: 46135
A7: SCRUM-10 | B7: 46135
A8: SCRUM-11 | B8: 46135
A9: SCRUM-12 | B9: 46129
A10: SCRUM-13 | B10: 46128
A11: SCRUM-14 | B11: 46135
A12: SCRUM-15 | B12: 46205
A13: SCRUM-17 | B13: 46134
A14: SCRUM-18 | B14: 46129
A15: SCRUM-19 | B15: 46184
... A303: SCRUM-439 | B303: 46322
